area_oc,extent_oc,centroid_oc,surface_area_oc,complexity_oc,sphericity_oc,major_axis_length_oc,minor_axis_length_oc,bbox_oc,solidity_oc,Genotype,image_name,volume_ratio,area_m04,extent_m04,centroid_m04,surface_area_m04,complexity_m04,sphericity_m04,major_axis_length_m04,minor_axis_length_m04,bbox_m04,solidity_m04
49708,0.1083435047951177,"(10.383499637885249, 207.8267079745715, 186.67846221936108)",5550.926392652311,8.954901666,1.177794483336457,109.57167731649623,20.662934661627627,"(1, 145, 122, 21, 269, 307)",0.2532569099477773,APPPS1xFIRE,C_1_M04_OC_C_1_M04_OC_DGG_P+_151123_1 - C_1_M04_OC.lif_,0.1889434296290335,9392,0.1298223788789826,"(10.536413969335605, 210.4782793867121, 182.0103279386712)",2413.347164646201,3.891690403099081,0.8920099797342812,71.92646816833185,11.831161854376369,"(3, 187, 139, 18, 240, 230)",0.3306925812471392
211843,0.060365757,"(8.80452976968793, 204.1593444201602, 215.1165060917755)",20012.08472728704,10.585753702668775,0.858752215,303.81518812152507,25.597022201120904,"(1, 14, 5, 29, 325, 408)",0.1299856848419472,APPPS1,B_1_M04_OC_B_1_M04_OC_L4_P+_021123_2 - B_1_M04_OC.lif_,0.425447147,90128,0.1547123690245677,"(13.225634652938044, 214.36817637138293, 234.5916141487662)",8936.819058957884,10.085020117942252,1.0877797808423662,155.21101462376544,19.13226318434632,"(1, 152, 147, 28, 276, 321)",0.3061007543158345
30352,0.019534548,"(11.36864127569847, 93.16206510279389, 81.56483921982077)",15483.775889181772,1.960245370201101,0.3039009959998531,313.86759064509823,12.991433393115836,"(1, 1, 1, 27, 241, 250)",0.076932436,APPPS1xFIRE,F_1_M04_OC_F_1_M04_OC_L1_P+_231123_1 - F_1_M04_OC.lif_,1.798596468107538,54591,0.1293950613187198,"(12.259035372130937, 199.98212159513474, 220.63765089483616)",6316.098939122778,8.643151496860808,1.1018333159327034,129.2090899,17.30286906927731,"(2, 142, 149, 24, 269, 300)",0.3431324483330819
207020,0.085551464,"(17.66671336102792, 211.47166457347117, 218.41072843203554)",14299.98566013729,14.476937594216611,1.1834685610894558,302.9796909837669,15.034364886840304,"(1, 61, 49, 24, 376, 383)",0.1855623160242229,APPPS1,H_1_M04_OC_H_1_M04_OC_L4_P+_110124_1 - H_1_M04_OC.lif_,0.1315235242971693,27228,0.093336076,"(15.87946231820185, 212.47535625091817, 212.2564639341854)",7267.080787790127,3.746758952473385,0.6022839604318473,186.0155079060417,14.771448036807795,"(5, 160, 117, 22, 248, 312)",0.2122643715795874
71567,0.1418899092754726,"(9.370198555200023, 201.27167549289476, 203.1142286249249)",7972.878844785934,8.976305973444342,1.0455484636189083,133.78167605852462,23.89278934297348,"(1, 130, 138, 25, 278, 280)",0.2887640766788116,APPPS1xFIRE,H_3_M04_OC_H_3_M04_OC_L1_P+_210224_1 - H_3_M04_OC.lif_,0.8027303086618134,57449,0.2001428372352285,"(10.218472036066773, 204.29159776497414, 203.62702570975995)",5466.605855887923,10.50908031683377,1.3171078693135505,103.96947285939106,17.857003418311944,"(1, 154, 147, 25, 258, 262)",0.4458353058041084
112186,0.03611345,"(19.849669299199544, 160.51280908491256, 196.74570802060865)",27135.44153737452,4.134297938195795,0.4145462658945944,279.21926223664536,45.07216977318631,"(1, 15, 49, 34, 302, 377)",0.073557162,APPPS1xFIRE,C_1_M04_OC_C_1_M04_OC_L23_P+_151123_2 - C_1_M04_OC.lif_,0.9995008289804432,112130,0.1233484149954182,"(15.164701685543566, 176.86189244626772, 205.48024614286987)",9126.611577376916,12.28604932392963,1.2321278429167106,127.33754923870713,23.76778312,"(1, 106, 130, 34, 275, 293)",0.3223580753385867
266645,0.042869522,"(13.541131466931688, 224.0968403682799, 207.67340846443773)",45120.55228,5.909612948420233,0.4440160618737818,384.3599961,54.53004847841815,"(1, 25, 2, 41, 408, 408)",0.06987492,APPPS1xFIRE,B_3_M04_OC_B_3_M04_OC_DGM_P+_131123_1 - B_3_M04_OC.lif_,0.7684336852369255,204899,0.1641187684224016,"(17.986178556264306, 214.52765020815133, 207.33438913806313)",14019.957955400943,14.614808450339629,1.198847584292526,175.12879710639336,28.031546061632543,"(2, 109, 125, 38, 313, 295)",0.336734107
216858,0.07685593,"(15.614369771924485, 197.4198553892409, 217.1052716524177)",14614.773906031864,14.838272654392384,1.1943794490002055,270.5571119938914,20.985630352395628,"(1, 25, 7, 24, 342, 394)",0.1457039252271143,APPPS1xFIRE,D_3_M04_OC_D_3_M04_OC_DGG_P+_221123_1 - D_3_M04_OC.lif_,0.5462422414667663,118457,0.2783294172932331,"(12.581763846796727, 203.11491933781878, 211.56345340503304)",6333.762665583224,18.702469014773587,1.841603613778108,134.52013618696105,18.038343344773896,"(1, 132, 138, 21, 284, 278)",0.5348573647471035
219449,0.055153017,"(15.534474980519391, 186.24741056008457, 204.70090089269033)",20955.136776257925,10.472324869224176,0.8396198459974257,267.3126601170097,32.56965737404168,"(1, 1, 46, 32, 383, 382)",0.1043348238376087,APPPS1,A_4_M04_OC_A_4_M04_OC_L1_P+_201223_1 - A_4_M04_OC.lif (default)_,0.049879471,10946,0.1596930438842203,"(13.162159693038554, 190.7315914489311, 205.12917960898957)",1964.482318438012,5.571951397711394,1.2135927205676464,59.63277202725627,9.935816876,"(7, 159, 170, 23, 222, 238)",0.4392632128095028
348027,0.089334586,"(18.769046654426237, 211.1509969054125, 227.79033235927096)",21472.90671175444,16.207726539858122,1.1142994404207638,270.35624222835395,33.391454127258605,"(1, 34, 53, 32, 388, 408)",0.1455278739525315,APPPS1xFIRE,B_3_M04_OC_B_3_M04_OC_L23_P+_061123_1 - B_3_M04_OC.lif_,0.3679973105534915,128073,0.1824214610467302,"(16.02709392299704, 209.70599579927074, 227.09016732644665)",10458.72157960034,12.245569310287928,1.1748359957465233,161.75230235300836,24.036089169464763,"(4, 151, 143, 32, 277, 342)",0.3803839688262933
26681,0.099301787,"(4.25418837374911, 150.43978861362018, 248.94895243806454)",4234.672598612915,6.3006051539237005,1.0196841945832076,187.5444038,7.220454639785806,"(1, 74, 169, 12, 212, 346)",0.2605490073533002,APPPS1,C_2_M04_OC_C_2_M04_OC_L1_P+_161123_2 - C_2_M04_OC.lif_,2.1673475506915034,57827,0.1521763157894737,"(8.787659743718333, 169.08608435505906, 234.0490947135421)",6600.460165082661,8.761055828487953,1.0956294185777025,149.38904959484017,16.792359025756777,"(2, 96, 175, 21, 221, 335)",0.441292735
326610,0.1100230414746543,"(13.778365634855026, 214.62980619086986, 168.8612473592358)",20323.51852350848,16.07054406559602,1.128508614401627,282.2089722729948,30.49461568611549,"(1, 83, 1, 29, 393, 343)",0.2112046248904724,APPPS1xFIRE,B_4_M04_OC_B_4_M04_OC_DGM_P+_131123_1 - B_4_M04_OC.lif_,0.3709745568108754,121164,0.1507554945054945,"(13.397634610940543, 214.88118583077483, 164.15837212373313)",11530.436383860902,10.508188585957829,1.026961388381402,190.82561088749952,20.637575569599083,"(1, 136, 74, 29, 292, 258)",0.3309732192611532
363962,0.068973777,"(19.860065061737213, 180.96198504239453, 161.2231743973272)",50423.32385734624,7.218127885216236,0.4889037283247715,439.96237825389113,53.47309103701412,"(1, 1, 1, 40, 380, 358)",0.1063503018735386,APPPS1,H_1_M04_OC_H_1_M04_OC_DGM_P+_300124_2 - H_1_M04_OC.lif_,0.4345123941510377,158146,0.1319158519902572,"(20.649494770654965, 192.7421243660921, 189.04040570106105)",11757.76579331759,13.45034445998922,1.2028130385521016,159.49295297372308,24.81176334293086,"(5, 94, 83, 39, 266, 288)",0.3090738884100712
545996,0.100412688,"(15.944495930373117, 175.5164616590598, 224.75016849940292)",47607.90838276724,11.468598780063935,0.6785752213380752,416.0240438254504,52.43379803326058,"(1, 1, 1, 41, 335, 408)",0.1402683975810974,APPPS1,H_1_M04_OC_H_1_M04_OC_CA1_P+_300124_1 - H_1_M04_OC.lif_,0.4200964842233276,229371,0.083841417,"(14.891023712675098, 191.50251775507803, 203.83418566427318)",15570.328225654202,14.731288684209016,1.1638009181311315,179.77238720400692,31.26800782158915,"(2, 66, 1, 40, 279, 339)",0.2609222389822063
265589,0.082687775,"(8.513511478261524, 202.22104454627262, 223.13891012052457)",16244.793113142903,16.349177127108153,1.230013832849215,326.3286640213408,17.410088573588272,"(1, 35, 9, 24, 385, 408)",0.1567789331389257,APPPS1,B_1_M04_OC_B_1_M04_OC_L23_P+_021123_1 - B_1_M04_OC.lif_,0.6070319177375569,161221,0.2112368059704621,"(10.413829463903586, 211.28945980982627, 224.13627877261646)",8106.175977657479,19.888662723874106,1.7671869831208429,156.3444072430468,19.934424970692447,"(2, 106, 130, 24, 283, 326)",0.4643782980390349
448301,0.1051428654521438,"(7.833721093640211, 220.29996810178875, 203.38554676433913)",26676.63747605374,16.805004019056636,1.0618573461879708,400.1868986747264,27.387507115297417,"(1, 20, 1, 28, 408, 408)",0.140424059,APPPS1,A_4_M04_OC_A_4_M04_OC_L4_P+_201223_1 - A_4_M04_OC.lif_,0.4769518693913241,213818,0.09245768,"(11.474389434004621, 208.86228474684077, 218.30131700792262)",16257.08249066352,13.1522984,1.0636637461940284,256.80486884289536,24.43153738601747,"(1, 87, 86, 28, 353, 408)",0.2263738241568602
52752,0.02332145,"(7.909425235062177, 244.40104640582348, 165.21845617227783)",24448.953615957653,2.1576383524883926,0.2782166611666487,319.7892916,28.01537571159962,"(1, 80, 80, 35, 377, 304)",0.07049108,APPPS1,F_3_M04_OC_F_3_M04_OC_L1_P+_231123_1 - F_3_M04_OC.lif (default)_,2.8479299363057327,150234,0.2031803649386269,"(18.93679859419306, 219.0894870668424, 200.44100536496398)",10261.706338216763,14.640255241031095,1.3318133461738473,151.88965670742525,22.990451002636743,"(2, 127, 131, 33, 305, 265)",0.4591587865303153
5511,0.016597098,"(18.10469969152604, 129.51714752313555, 203.3834149882054)",9627.162214079295,0.5724428317973502,0.1567254199661804,169.56901994826094,18.50813025816395,"(5, 55, 179, 32, 198, 265)",0.063387086,APPPS1,C_2_M04_OC_C_2_M04_OC_L4_P+_161123_2 - C_2_M04_OC.lif_,8.826710215931772,48644,0.091397607,"(15.322383027711536, 167.79615163226708, 201.8607228024011)",8159.0373696329825,5.961977840798657,0.7898259322243926,132.17847982108293,22.426827557644128,"(3, 106, 118, 30, 218, 294)",0.2462900049112183
636156,0.1124810632582653,"(10.924289010871547, 227.19214940989318, 197.54368739743083)",29149.273322290235,21.824077498135647,1.2271532741311124,420.3526098646002,19.05501903963342,"(1, 22, 1, 37, 408, 408)",0.1721600956066099,APPPS1,B_2_M04_OC_B_2_M04_OC_L1_P+_031123_1 - B_2_M04_OC.lif_,0.7202918780927948,458218,0.2154845578601747,"(14.884404366480583, 227.5651720360178, 195.6497671414043)",15734.00953314369,29.12277376181601,1.826807612,238.3665314249516,24.47513416920641,"(5, 115, 31, 34, 357, 334)",0.4256494335889421
61266,0.06198766,"(7.607857539255051, 184.56244899291613, 179.65329873012763)",7697.692637513909,7.959008352896098,0.9763448567157358,262.8973335678764,9.704525364683706,"(3, 5, 37, 17, 316, 264)",0.1777485073024678,APPPS1xFIRE,F_2_M04_OC_F_2_M04_OC_L23_P+_231123_1 - F_2_M04_OC.lif_,0.6827277772337023,41828,0.2934062850729517,"(8.64251219278952, 208.95266328774983, 188.84558190685664)",2833.795940923827,14.760413548465996,2.0563338130174094,109.27466797202662,10.08170192790731,"(5, 152, 126, 16, 260, 246)",0.5595120254688462
137336,0.060280774,"(7.599456806663948, 217.9503844585542, 194.17412768684102)",10932.31839551607,12.56238567441732,1.177501445315963,288.6986381911988,13.840525962089483,"(2, 24, 1, 19, 408, 350)",0.1177560028672458,APPPS1,C_2_M04_OC_C_2_M04_OC_L23_P+_161123_1 - C_2_M04_OC.lif_,0.6204928059649327,85216,0.2205554261459223,"(11.00468221930154, 224.26388236950808, 208.2799826323695)",5666.100327294779,15.039620740475929,1.652775859369778,134.43759015743453,16.116891400315993,"(3, 153, 129, 21, 288, 288)",0.4584635745912531
30605,0.1516412733804038,"(7.8783858846593695, 205.81833033818003, 198.07992158144094)",3007.8140184255294,10.175163694469546,1.5731183654229737,84.00553263983002,13.79711034935695,"(1, 155, 139, 16, 270, 256)",0.3781055804702074,APPPS1xFIRE,F_2_M04_OC_F_2_M04_OC_L4_P+_231123_1 - F_2_M04_OC.lif (default)_,0.4301257964384904,13164,0.1683289857296302,"(8.213992707383774, 206.13195077484048, 198.07452142206017)",2380.3957946987607,5.530172767619893,1.1326442707791249,77.93346795,10.498313993128344,"(2, 181, 147, 16, 238, 245)",0.4113621449329708
153436,0.097401872,"(16.70422195573399, 197.6224223780599, 197.8056257983785)",13841.06885264125,11.085560055625349,1.001380985996467,255.3290691817783,22.14339351073833,"(1, 13, 84, 23, 319, 318)",0.2313371739763018,APPPS1xFIRE,H_3_M04_OC_H_3_M04_OC_L4_P+_210224_1 - H_3_M04_OC.lif_,0.4547303110091504,69772,0.1823432407922831,"(16.436091841999655, 215.16799002465171, 202.04991973857707)",5452.851509395438,12.795507062640638,1.5030770184898636,119.65365545570592,15.559024589412685,"(2, 145, 135, 23, 282, 268)",0.4043136368640949
180671,0.037097534,"(11.037543379955832, 220.55583906659066, 220.2834821305024)",28480.533183101248,6.343666350572399,0.5426606215706299,353.69270699513294,34.47306457044457,"(1, 1, 22, 32, 408, 408)",0.070702454,APPPS1,H_1_M04_OC_H_1_M04_OC_L23_P+_110124_2 - H_1_M04_OC.lif_,0.2783014429543203,50281,0.1956976943315741,"(16.464151468745648, 216.69177224001115, 214.0729699091108)",5731.739318992845,8.772380808280573,1.1493888110788164,93.16449076,22.62058723945812,"(3, 174, 152, 29, 255, 274)",0.4253639801365401
12154,0.092801295,"(9.564176402830343, 191.8665459930887, 214.05915747901926)",2764.612833579501,4.396275620360022,0.9246895708301442,102.05033345246562,9.950243803,"(3, 137, 161, 15, 244, 263)",0.2354376925014044,APPPS1xFIRE,D_4_M04_OC_D_4_M04_OC_L4_P+_221123_1 - D_4_M04_OC.lif_,0.5682902748066481,6907,0.1512503832172732,"(8.569132763862749, 194.2769653974229, 214.71811206022875)",1354.3706627891083,5.0997855976709845,1.295009309911373,69.02903507099853,6.838420324108716,"(5, 165, 168, 14, 224, 254)",0.4007310280807612
143707,0.070114657,"(8.112263146541226, 211.15631806383823, 157.39729449504895)",15046.305418787504,9.550982517,0.8818056290423669,269.59930701534046,21.415672831228804,"(1, 51, 1, 25, 356, 281)",0.1719505687134608,APPPS1xFIRE,D_3_M04_OC_D_3_M04_OC_DGM_P+_221123_1 - D_3_M04_OC.lif_,0.7814650643322872,112302,0.1929607521727028,"(9.56226068992538, 211.33642321597122, 180.37668964043382)",7448.751815091352,15.076619920732682,1.5112127674213498,151.4523159486687,18.786433010387416,"(2, 145, 73, 23, 294, 259)",0.449118176
140319,0.058217854,"(12.949343994754809, 186.02909085726097, 195.24921072698638)",16782.03237,8.361263817,0.7781271298087762,243.04756802402903,28.02971741699695,"(1, 57, 85, 29, 377, 354)",0.1080861860987479,APPPS1xFIRE,B_3_M04_OC_B_3_M04_OC_DGG_P+_131123_1 - B_3_M04_OC.lif_,0.1800540197692401,25265,0.1015343685699588,"(14.804591331882051, 179.69087670690678, 194.02529190579853)",5624.518124156624,4.491940366,0.7403066870607908,145.40717660261558,13.21039057156669,"(7, 133, 111, 25, 229, 255)",0.2377770457860806
37256,0.010804779,"(8.26524586643762, 181.9347219239854, 189.63863538758858)",28719.30433892936,1.2972459068062818,0.1878340655141753,345.3410504168967,30.44944811192688,"(1, 1, 69, 38, 354, 333)",0.0264892,APPPS1,C_2_M04_OC_C_2_M04_OC_L1_P+_161123_1 - C_2_M04_OC.lif (default)_,2.996993772815117,111656,0.1204698124159777,"(21.802876692699005, 179.1906749301426, 202.85480404098303)",11501.180980243946,9.708220415955209,0.9749815497934432,159.86597412391856,24.47363056998876,"(2, 97, 126, 35, 283, 277)",0.2733243413274061
205857,0.059036238,"(8.932856303161904, 178.55114958442024, 194.36289754538345)",24606.66698,8.365903441656586,0.6851859132381621,332.0050732636466,31.29862489373152,"(1, 19, 5, 30, 353, 365)",0.1192792383539387,APPPS1xFIRE,B_4_M04_OC_B_4_M04_OC_L4_P+_131123_1 - B_4_M04_OC.lif_,1.0292387433995442,211876,0.1514807689145413,"(11.4327153618154, 167.69120617719798, 192.14699635635938)",12307.79425565034,17.214782405281973,1.3964489816015335,199.5195015043854,20.594777440481327,"(1, 61, 53, 30, 268, 286)",0.3717533692320379
78830,0.1457410088169335,"(12.392414055562604, 204.44871241912978, 192.6403780286693)",5121.387814086111,15.392312174286468,1.7360310095598774,177.89213119894774,10.40936609,"(5, 107, 102, 18, 308, 309)",0.3038116159864338,APPPS1xFIRE,D_3_M04_OC_D_3_M04_OC_L1_P+_221123_2 - D_3_M04_OC.lif_,0.7048839274387924,55566,0.2489516129032258,"(9.463574847928589, 200.01952632905014, 203.0709966526293)",3445.380504107244,16.127681669342376,2.043868838461871,99.78770112,12.876580844305886,"(1, 131, 146, 16, 255, 266)",0.5245242410512008
298234,0.061253303,"(24.965201821388575, 179.93973188838294, 229.2968239704393)",44684.94793353463,6.674148987341325,0.4830895434451542,369.0362440465845,53.75145107942063,"(1, 54, 44, 45, 358, 408)",0.1110106512664082,APPPS1xFIRE,C_1_M04_OC_C_1_M04_OC_DGM_P+_151123_1 - C_1_M04_OC.lif_,0.3967622739191373,118328,0.083428752,"(26.43801129064972, 198.13798086674328, 218.07458927726321)",12837.632336052977,9.217275966666358,0.9079408166545582,149.12371565382992,24.31129172764404,"(1, 131, 154, 44, 264, 402)",0.2672502772376067
155541,0.076616955,"(8.217357481307179, 135.2300036646286, 184.44895558084363)",14200.735341939662,10.953024350833006,0.9849251231278026,316.2895931105266,15.412919454950329,"(1, 1, 41, 22, 305, 359)",0.1348582021160654,APPPS1,B_1_M04_OC_B_1_M04_OC_L4_P+_021123_3 - B_1_M04_OC.lif_,0.2068329250808468,32171,0.1428679278799182,"(9.242827391128657, 152.41686612166237, 179.92353361723292)",4204.476823712571,7.651605978,1.163452174,123.70573957436729,12.530913594399747,"(3, 104, 113, 18, 212, 252)",0.3355900025035467
311364,0.1053702395165809,"(10.182856720751275, 230.74538803458333, 209.1947110134762)",16136.81767719039,19.29525425822448,1.3767185503480728,305.6387231,21.060592921861176,"(1, 39, 14, 23, 408, 378)",0.1782662887182866,APPPS1,B_2_M04_OC_B_2_M04_OC_DGG_P+_031123_2 - B_2_M04_OC.lif_,0.1583420048560527,49302,0.2037946428571428,"(8.500831609265344, 247.6196300352927, 201.87947750598352)",4199.542755198978,11.739849520275698,1.5483119851768543,119.1972517832913,13.551121403957405,"(3, 188, 120, 18, 300, 264)",0.3600236598243039
125786,0.092219016,"(5.33717583832859, 131.57628034916445, 204.0880066144086)",8521.011888804693,14.761861811889217,1.4247800466380356,276.8631641594658,11.057106524917865,"(1, 1, 25, 15, 277, 378)",0.1935815495326901,APPPS1xFIRE,C_1_M04_OC_C_1_M04_OC_L1_P+_151123_1 - C_1_M04_OC.lif (default)_,2.1149968994959694,266037,0.1789614949951566,"(11.590914045790623, 152.24819855884706, 221.84491630863377)",10181.003422394882,26.130724935697938,1.964814565297668,175.78468098867322,22.87260773420199,"(2, 70, 29, 26, 260, 355)",0.4680173951593325
120566,0.1197823836461866,"(20.300150954663835, 229.79962012507673, 197.90516397657714)",10141.113337106364,11.888832714140827,1.1638090315803613,267.8317216138124,12.646021726658686,"(7, 125, 108, 25, 406, 307)",0.2537788133862925,APPPS1xFIRE,F_1_M04_OC_F_1_M04_OC_L4_P+_231123_1 - F_1_M04_OC.lif (default)_,1.853034852280079,223413,0.3308939838265351,"(15.054920707389453, 214.02588927233418, 199.47751473728027)",8619.108635226834,25.920661805664817,2.065827543066555,167.05418180959617,19.77808711215552,"(2, 133, 113, 24, 298, 299)",0.6171425256621328
85823,0.0365075,"(6.0852918215396805, 225.8105169942789, 201.53109306363095)",15269.645289111457,5.620497292179998,0.6162037026285571,360.8707832893851,18.52928795003896,"(1, 47, 1, 17, 408, 408)",0.078061217,APPPS1,C_2_M04_OC_C_2_M04_OC_CA1_P+_161123_1 - C_2_M04_OC.lif_,0.1083858639292497,9302,0.1892958892958893,"(6.709739840894431, 212.50161255643948, 216.67480111803914)",2084.9914177176825,4.461409251354307,1.025881999536428,62.72084709501972,11.442119063204798,"(1, 190, 182, 16, 232, 260)",0.4559356925791589
151337,0.062232503,"(6.426326674904352, 220.1612229659634, 211.3876381849779)",15483.067702352606,9.774354986318686,0.8870004878815146,350.6801492844191,18.076620356510443,"(1, 33, 16, 19, 383, 402)",0.1031280430837627,APPPS1,A_4_M04_OC_A_4_M04_OC_L23_P+_201223_1 - A_4_M04_OC.lif_,0.3069573204173467,46454,0.1567104766017164,"(8.205794979980196, 223.82776510096008, 212.14149481207215)",6491.726630313794,7.155877418355574,0.962659376,176.9810397,13.830921221847136,"(1, 183, 96, 17, 280, 287)",0.3801441886727604
85972,0.1115244914902449,"(14.341134322802773, 191.7159656632392, 207.23853114967665)",5994.8919841144125,14.340875570037497,1.571354289566055,179.13658675426296,11.014314347624556,"(5, 82, 88, 21, 301, 308)",0.2588029175986104,APPPS1,C_2_M04_OC_C_2_M04_OC_L1_P+_161123_3 - C_2_M04_OC.lif_,0.2624110175405946,22560,0.1788687502973217,"(11.21006205673759, 195.58812056737588, 214.46010638297872)",2987.283196488407,7.552012486301798,1.2925096434423038,100.8526285166134,10.975662881186844,"(4, 143, 168, 17, 242, 266)",0.3425916083278917
45317,0.082833563,"(4.037535582673169, 219.94055211068695, 213.17534258666726)",4040.984574729946,11.214346197554708,1.521146466603738,178.28341510333854,7.297797286164295,"(1, 139, 82, 12, 342, 327)",0.2356088177186232,APPPS1xFIRE,F_1_M04_OC_F_1_M04_OC_L23_P+_231123_2 - F_1_M04_OC.lif_,0.8233334068892468,37311,0.1965391908975979,"(5.272573771809922, 212.44981372785506, 212.38637399158426)",2801.3722682173657,13.318829640497086,1.927545146363472,105.0680371507031,9.593143276258491,"(2, 158, 144, 14, 271, 284)",0.4324960298600888
107787,0.060416148,"(21.577435126685035, 186.6107508326607, 226.44564743429171)",17998.53794042115,5.988653098,0.6085428343932662,292.6634567446245,21.86753225987828,"(1, 1, 133, 29, 318, 334)",0.1519620697530811,APPPS1xFIRE,F_2_M04_OC_F_2_M04_OC_CA1_P+_231123_1 - F_2_M04_OC.lif_,0.4231771920547005,45613,0.1510254219891266,"(17.511060443294674, 188.71926862955738, 217.92425405038037)",6285.875147939676,7.256427931908669,0.9821491953540228,167.41742061903753,12.243654622014189,"(9, 124, 148, 27, 243, 289)",0.4386877741017158
460598,0.092627048,"(10.770322493801537, 147.3091741605478, 199.63506789000385)",31137.94176908068,14.792178732165404,0.92627993,356.94769507560096,34.925108894887735,"(1, 1, 20, 37, 357, 408)",0.1382157369172355,APPPS1,B_2_M04_OC_B_2_M04_OC_L23_P+_031123_1 - B_2_M04_OC.lif_,0.3544283735491687,163249,0.094421765,"(12.152711502061269, 149.74549920673329, 185.40903160203126)",14031.961496907448,11.634082664492702,1.029436177426548,180.91331557811023,28.26233315831304,"(2, 1, 73, 36, 242, 284)",0.2266453232336134
167880,0.073677627,"(12.072087205146532, 182.82514295925662, 216.73097450559925)",12517.072056037598,13.412082254413743,1.1757473607480513,277.0919154637766,17.851283205984004,"(1, 1, 39, 20, 370, 364)",0.1601917568230352,APPPS1xFIRE,B_4_M04_OC_B_4_M04_OC_CA1_P+_151123_1 - B_4_M04_OC.lif_,0.1359244698594233,22819,0.1228095668647205,"(10.60721328717297, 164.8269424602305, 209.35558087558613)",4546.0639965249065,5.019506988,0.8558145219703007,133.6479371796987,11.427956642892608,"(1, 130, 144, 17, 209, 291)",0.3185053877505444
34355,0.1472087961058549,"(13.90318730897977, 209.15025469363994, 188.55569786057342)",3612.180689573954,9.510875272,1.4148420531659884,141.34738752191254,8.683610636951677,"(7, 137, 121, 19, 280, 257)",0.2635899796677792,APPPS1xFIRE,D_4_M04_OC_D_4_M04_OC_L1_P+_221123_1 - D_4_M04_OC.lif (default)_,1.979944695095328,68021,0.3133799572460563,"(9.131003660634216, 206.5782331926905, 189.49812557886534)",4614.3624292989225,14.741148109238289,1.7463626326102957,124.00290075590873,14.137826654066274,"(1, 158, 128, 17, 260, 261)",0.5736973499991566
87002,0.041203142,"(5.743684053240155, 209.1718121422496, 211.54328636123307)",11045.904311897724,7.876403555867194,0.8596117409297163,227.8451481227997,16.129902047218177,"(1, 53, 30, 24, 374, 316)",0.1219967748720465,APPPS1xFIRE,B_4_M04_OC_B_4_M04_OC_L1_P+_131123_1 - B_4_M04_OC.lif (default)_,1.866163996229972,162360,0.3712273641851106,"(9.736332840601133, 216.41661123429415, 215.03640675043113)",7000.181783755086,23.19368339501974,2.0560207883266024,131.61973874422696,20.84755509838028,"(1, 138, 141, 23, 278, 283)",0.701787752
77371,0.036701665,"(15.071279936927272, 150.99594163187757, 273.8392808675085)",10090.12237592172,7.667994214,0.8702415820482852,220.1290993515185,16.150490092716545,"(1, 1, 122, 22, 352, 408)",0.086340192,APPPS1,B_1_M04_OC_B_1_M04_OC_L1_P+_021123_1 - B_1_M04_OC.lif_,0.3650592599294309,28245,0.1479888294500128,"(11.934466277217206, 139.5736944591963, 266.39284829173306)",3494.6186697747576,8.082426916645673,1.2834493009428989,90.41195073943564,14.024577227787775,"(3, 97, 215, 20, 206, 318)",0.3629109971861388
759142,0.1039977533015507,"(21.738760337328195, 174.6479090868375, 179.44748413340324)",65227.49114364652,11.638374965674949,0.6169767471015246,461.6069033422772,65.75940703678357,"(1, 1, 1, 49, 396, 386)",0.1266377250443566,APPPS1,C_2_M04_OC_C_2_M04_OC_DGG_P+_161123_1 - C_2_M04_OC.lif_,0.2873691615007469,218154,0.063825791,"(25.17573823995893, 172.37858118576784, 189.24982810308313)",20077.60666341923,10.86553809,0.872866119,219.8184997456752,31.12204104559651,"(2, 22, 1, 44, 282, 314)",0.1747278412476692
466180,0.082173941,"(18.755673774078684, 212.91286841992363, 210.88876828692779)",32554.180171122007,14.320127171057944,0.8931267972787692,296.80536249277816,47.444275482555085,"(1, 34, 22, 42, 402, 398)",0.1178019765401778,APPPS1xFIRE,B_4_M04_OC_B_4_M04_OC_DGG_P+_151123_1 - B_4_M04_OC.lif_,0.246095929,114725,0.086914459,"(16.07728045325779, 205.1210023970364, 227.84873392896057)",12771.290846816544,8.983038705801388,0.8940353821006631,169.22583358593215,24.03416696153049,"(1, 126, 109, 37, 315, 303)",0.2428653989046977
37025,0.026604383,"(20.0390276839973, 187.57812288993924, 222.14949358541526)",10070.86966928391,3.676445154774073,0.5334337957218493,281.7393334563335,10.647798666002377,"(6, 71, 22, 24, 275, 401)",0.086868895,APPPS1,H_1_M04_OC_H_1_M04_OC_L1_P+_110124_2 - H_1_M04_OC.lif_,0.1888723835246455,6993,0.099504824,"(13.537966537966538, 181.75890175890177, 218.23995423995424)",3612.381134521193,1.9358422435474527,0.4895528438756354,122.82117020923472,10.865908114700042,"(8, 156, 169, 21, 209, 271)",0.1969581749049429
80861,0.03035961,"(10.567479996537267, 212.4731947415936, 202.61014580576546)",13036.002997283003,6.202898236280956,0.6936904965555134,261.15769980594746,20.682429861746403,"(1, 2, 46, 21, 396, 384)",0.084371531,APPPS1,H_1_M04_OC_H_1_M04_OC_DGM_P+_300124_1 - H_1_M04_OC.lif_,0.1748185157245149,14136,0.215698242,"(10.812252405206564, 210.51506791171477, 209.75148556876061)",2020.014635856246,6.997969098381318,1.399632331246892,54.78005968546057,13.079386528517778,"(3, 181, 178, 19, 245, 242)",0.4031715247276253
29484,0.1140350877192982,"(6.948209198209198, 237.62033645366978, 185.65591507258173)",4738.824346327223,6.221796345511576,0.9739525114405656,243.9172388,6.804999622,"(1, 154, 124, 10, 370, 257)",0.2448674506677297,APPPS1xFIRE,F_1_M04_OC_F_1_M04_OC_L4_P+_231123_2 - F_1_M04_OC.lif_,0.060168227,1774,0.1516239316239316,"(6.179255918827509, 218.20180383314545, 215.61443066516347)",677.2478049580355,2.619425249,1.0464189488478115,61.99849131934984,3.866857257516127,"(4, 201, 185, 9, 237, 250)",0.3062845303867403
132507,0.073012646,"(6.5201838393443365, 184.77149131743982, 223.32966560257194)",10735.32838547312,12.343078408230756,1.1708322377027385,293.4913039041826,14.889408390702304,"(1, 1, 81, 16, 371, 408)",0.1353283249178881,APPPS1,H_1_M04_OC_H_1_M04_OC_CA1_P+_300124_2 - H_1_M04_OC.lif_,0.1871523768555623,24799,0.1418382521162205,"(5.849590709302794, 194.99818541070204, 213.29271341586355)",3433.3365036226573,7.223003039123469,1.1978171655857597,122.48716334212732,10.789872575591106,"(2, 93, 163, 14, 248, 257)",0.3721897043373856
210442,0.053649804,"(18.72278347478165, 213.90039535834103, 192.1656370876536)",35585.84602520413,5.913643302198064,0.4807970299982493,384.46768580889545,41.96699485262222,"(1, 36, 39, 34, 404, 362)",0.1059302560292438,APPPS1xFIRE,H_3_M04_OC_H_3_M04_OC_DGM_P+_210224_1 - H_3_M04_OC.lif_,0.5173587021602152,108874,0.081713925,"(14.19007292833918, 194.08023035802856, 191.9292852287966)",10612.834923993116,10.258710399222508,1.0389679916612564,165.19811020874363,23.72196146593643,"(1, 140, 80, 29, 295, 387)",0.2759377534468775
263750,0.1083598327047435,"(5.842741232227488, 186.14431848341232, 173.22201706161138)",16722.60175801961,15.77206727855695,1.1893470216440571,384.9650720156086,15.325398493773784,"(1, 1, 1, 21, 340, 360)",0.2092134842155862,APPPS1xFIRE,H_3_M04_OC_H_3_M04_OC_L23_P+_210224_1 - H_3_M04_OC.lif (default)_,0.3635981042654028,95899,0.1635865226498905,"(6.502341004598588, 204.8846077644188, 192.91769465792134)",7327.741120656782,13.08711626420075,1.382685448412366,198.2148919725215,12.98157276868066,"(2, 134, 55, 19, 282, 288)",0.3979063022542726
205567,0.038090394,"(17.533616777011876, 223.0269498509002, 173.631103241279)",31024.239914492264,6.626012452,0.5429400845608742,327.2695097468232,37.896603814939645,"(1, 1, 1, 40, 408, 341)",0.084243523,APPPS1,B_1_M04_OC_B_1_M04_OC_DGG_P+_021123_1 - B_1_M04_OC.lif_,0.066387115,13647,0.1526100375738057,"(19.451234703597862, 233.70843408807798, 196.93485747783396)",2498.12927,5.462887834,1.1055049143442714,61.97443124617686,13.790241073269083,"(11, 206, 151, 29, 260, 243)",0.348377709
95243,0.050223716,"(5.795512531104648, 219.90225003412326, 216.58365444179626)",10339.250776418055,9.211789331702052,0.975477148,349.36817469337166,11.16999828560313,"(1, 2, 18, 14, 391, 393)",0.087162831,APPPS1,C_2_M04_OC_C_2_M04_OC_L23_P+_161123_2 - C_2_M04_OC.lif_,0.06038239,5751,0.1431451612903226,"(6.58981046774474, 214.9909580942445, 221.54199269692228)",1419.3402796298376,4.051882471411193,1.0936873150378357,67.08325304147492,8.127203216621762,"(3, 187, 188, 12, 249, 260)",0.3281223255548582
91991,0.049689948,"(9.29342000847909, 231.6225826439543, 198.04471089563108)",10943.16966612105,8.406248171843197,0.9005432010900004,317.5181502883323,13.140449592022906,"(1, 57, 5, 16, 387, 379)",0.091035762,APPPS1,B_2_M04_OC_B_2_M04_OC_L1_P+_031123_2 - B_2_M04_OC.lif_,0.054190084,4985,0.113875183,"(9.532397191574724, 211.02286860581745, 187.85135406218657)",1353.1496012743712,3.683997686,1.0429138116835337,75.78081356232215,6.479291284261795,"(5, 183, 138, 13, 240, 234)",0.2157354914095295
41288,0.026867404,"(17.347582832784344, 282.36337434605696, 198.6078763805464)",27229.833515188733,1.516278091710317,0.2121558618619865,361.2255567915546,30.39353841643539,"(1, 165, 89, 32, 408, 293)",0.061393152,APPPS1xFIRE,F_1_M04_OC_F_1_M04_OC_CA1_P+_231123_1 - F_1_M04_OC.lif_,5.000411741910482,206457,0.1868950671151875,"(15.755266229771816, 238.19292152845387, 186.0237676610626)",10523.557266588346,19.61855623245273,1.605244894617571,156.2409827424161,25.10666851914646,"(2, 168, 92, 31, 382, 270)",0.4429561736063284
995139,0.1251565810840995,"(20.550993378814418, 195.75143572907905, 260.01821052134426)",57537.914135153726,17.295361066834428,0.8377591409870561,411.13627806435375,64.54516090371814,"(1, 1, 1, 49, 408, 408)",0.1775111419507266,APPPS1,B_2_M04_OC_B_2_M04_OC_CA1_P+_031123_2 - B_2_M04_OC.lif_,0.4917071886439985,489317,0.1358188456604152,"(22.86949155659828, 195.49380667338352, 269.41828303533293)",25179.17796,19.43339853135124,1.1926219,249.58149643581115,39.26745775680255,"(3, 80, 55, 45, 323, 408)",0.2550617016241439
1015744,0.1304660726480999,"(22.53883065024258, 204.42914750173273, 212.34674288009577)",61632.21581430431,16.480731490498425,0.7928648895046744,440.4503294917242,65.50159560725285,"(1, 1, 1, 48, 408, 408)",0.1679746135651526,APPPS1,B_2_M04_OC_B_2_M04_OC_DGM_P+_031123_1 - B_2_M04_OC.lif_,0.3395432313653834,344889,0.093407531,"(23.595003029960363, 205.95004479702166, 208.45652369313026)",25938.609946450724,13.296356308684633,0.9169035510967968,263.97750871525875,37.258343474206704,"(3, 99, 1, 45, 315, 408)",0.2011155299496174
53172,0.034387223,"(14.125912134205974, 188.41973218987437, 269.19908974648314)",18750.16719301009,2.835814713,0.3646987800592636,316.7999669,24.24990741887628,"(1, 1, 144, 25, 355, 326)",0.077981046,APPPS1,H_1_M04_OC_H_1_M04_OC_L1_P+_110124_1 - H_1_M04_OC.lif (default)_,0.1430828255472805,7608,0.1122786304604486,"(15.289169295478445, 193.5973974763407, 206.04679284963197)",2217.349725,3.431123162461853,0.8436524993626199,69.48068441335478,9.145287108903169,"(7, 159, 180, 23, 236, 235)",0.3197847925686183
205203,0.064936014,"(6.550581619177107, 188.11127030306574, 195.46506630020028)",13715.38029106084,14.961524627482872,1.226682231,332.1465035922649,13.34922376590206,"(1, 1, 2, 21, 400, 398)",0.1471898764684701,APPPS1,C_2_M04_OC_C_2_M04_OC_L4_P+_161123_1 - C_2_M04_OC.lif_,0.2947325331501001,60480,0.2121747916140439,"(8.802050264550264, 198.03758267195767, 192.8423611111111)",4739.027920085059,12.762110926519814,1.572302284559123,116.44180739781928,14.820943434996256,"(2, 145, 121, 20, 252, 269)",0.4022105620174371
129268,0.1049321384505487,"(5.418471702200081, 211.51280285917628, 209.9924111148931)",8857.725169141522,14.59381472461382,1.3957981220408433,324.37696833281314,10.301829260362336,"(1, 1, 45, 13, 355, 335)",0.2136650562063328,APPPS1xFIRE,D_4_M04_OC_D_4_M04_OC_L23_P+_221123_1 - D_4_M04_OC.lif_,0.4007410960175759,51803,0.1439092146567769,"(5.4396270486265275, 234.6129181707623, 221.5802559697315)",4488.658534519219,11.540864514780612,1.4971690133869646,206.8886634453356,7.646128532142102,"(2, 142, 106, 12, 311, 319)",0.4174732244312458
694922,0.093225502,"(15.401469517442246, 212.56454105640634, 194.1557009275861)",58263.916250061215,11.927141955537016,0.6511911541218501,455.70747331394784,58.28830436945512,"(1, 1, 1, 46, 408, 408)",0.1204298250296169,APPPS1,H_1_M04_OC_H_1_M04_OC_L4_P+_110124_2 - H_1_M04_OC.lif_,0.8213425391626686,570769,0.1322501730838207,"(18.454853014091515, 210.94585725573742, 196.01729245982176)",23584.87849898932,24.200633470486576,1.4108821300697945,227.35744999025525,39.23407764571087,"(2, 105, 1, 46, 346, 408)",0.2993050271607321
23844,0.037415735,"(15.186126488844154, 217.9747525582956, 219.81081194430465)",10484.740340706485,2.2741621847731275,0.3821018911436059,259.2707164168814,14.923416468856534,"(5, 132, 162, 23, 299, 374)",0.1076119039237455,APPPS1xFIRE,B_3_M04_OC_B_3_M04_OC_L1_P+_061123_2 - B_3_M04_OC.lif_,1.0229827210199631,24392,0.2427064676616915,"(10.976262709084946, 213.8546654640866, 200.60089373565103)",2942.9309713145794,8.288335757023999,1.3820878737452464,67.22068714028659,14.46189016522866,"(1, 178, 163, 21, 245, 238)",0.5491220171094102
318779,0.1432534332758124,"(20.844858036445313, 205.99318650224762, 208.4266153040194)",14147.844870785018,22.53198299185988,1.5950965336246674,353.1294532197216,13.469604438618546,"(8, 39, 24, 27, 344, 408)",0.2827067495805235,APPPS1xFIRE,D_3_M04_OC_D_3_M04_OC_L23_P+_221123_1 - D_3_M04_OC.lif_,1.2295038255343045,391940,0.3472256674486346,"(14.671171607899169, 207.0685589631066, 201.36695922845334)",12631.050315098486,31.02988193558977,2.050490295512205,237.5205352577796,21.27837108486155,"(2, 111, 79, 24, 313, 333)",0.6127403849911905
161416,0.069314439,"(8.560557813351837, 187.90425360559053, 191.1420738960202)",14555.435733884564,11.089740145959972,0.9849706751329956,348.9666656766754,16.05588229832555,"(1, 43, 1, 19, 388, 376)",0.1397725068580453,APPPS1,B_1_M04_OC_B_1_M04_OC_L4_P+_021123_1 - B_1_M04_OC.lif_,0.2545348664320761,41086,0.1780233112353221,"(8.139779973713674, 188.4037871781142, 195.85523049213845)",3697.225010372944,11.112658787260449,1.5574142717605206,115.65688375094894,11.902835179166123,"(3, 131, 128, 17, 236, 285)",0.4098108841366102
969323,0.1899225671952944,"(12.236637323162661, 178.57246552490759, 173.19818574407086)",29744.138638122466,32.588706359700666,1.5924350927495443,363.3784834448976,33.61486718255414,"(1, 1, 1, 34, 408, 381)",0.2794098317181582,APPPS1,A_4_M04_OC_A_4_M04_OC_L1_P+_201223_2 - A_4_M04_OC.lif_,0.1131573273305183,109686,0.125616711,"(8.02467042284339, 198.2832904837445, 197.95440621410208)",8211.758747130609,13.357187342885226,1.3494249697482623,171.26289672446052,17.844594032502187,"(2, 97, 100, 23, 317, 289)",0.2640313122851613
71348,0.041661119,"(5.846148455457756, 162.44801536132758, 179.39720805068117)",11119.794027238357,6.416305898,0.7481268655676262,286.35804387774584,14.668510828043036,"(1, 1, 1, 18, 277, 366)",0.086631956,APPPS1xFIRE,B_3_M04_OC_B_3_M04_OC_CA1_P+_131123_1 - B_3_M04_OC.lif_,0.616639569,43996,0.1700525664811379,"(7.513001181925629, 181.60446404218564, 200.26500136376035)",3984.276378439797,11.042406655842584,1.5126674559767457,111.38873519935456,13.955957902506295,"(2, 130, 83, 17, 228, 259)",0.4141930503384453
41460,0.080886829,"(3.9012059816690785, 222.20024119633382, 182.34114809454897)",3681.390915003192,11.262047676337042,1.573590482188419,168.62137408898826,8.836797473578773,"(1, 103, 11, 10, 329, 263)",0.2010367015628106,APPPS1xFIRE,C_1_M04_OC_C_1_M04_OC_L23_P+_151123_1 - C_1_M04_OC.lif_,0.4439459720212252,18406,0.2265298084970216,"(3.7150929044876673, 224.35167880039117, 187.46609801151797)",2206.4451268369007,8.341925106647151,1.527908235,106.21486897544683,7.908339627587408,"(1, 190, 128, 10, 264, 250)",0.474662816
222329,0.081857296,"(8.149526152683636, 184.1815147821472, 194.01787441134536)",17026.963345767992,13.057466295377871,1.042343829451542,290.91966402904825,23.683823106117817,"(1, 1, 1, 25, 318, 358)",0.1688791019811651,APPPS1xFIRE,H_3_M04_OC_H_3_M04_OC_L23_P+_210224_2 - H_3_M04_OC.lif_,0.5769917554615007,128282,0.2999148991882692,"(8.844553405777896, 205.37370792472834, 197.62158369841444)",6857.887461014142,18.70576044434385,1.7936495186596726,140.04427709150931,18.549628438321832,"(2, 124, 128, 23, 276, 262)",0.6198905012491362
286040,0.085592618,"(11.253544958747028, 206.09878688295342, 228.15612501748006)",16058.547904586389,17.812320372896593,1.3073615231313402,298.90757454793163,22.789048355627475,"(2, 1, 17, 23, 408, 408)",0.14023961,APPPS1,B_2_M04_OC_B_2_M04_OC_DGG_P+_031123_1 - B_2_M04_OC.lif_,0.1312683540763529,37548,0.2083916083916084,"(10.712155108128263, 217.68030254607436, 228.56351869606902)",3713.7252042378186,10.110602679259388,1.4601547945001074,86.15847872645817,16.493170438914632,"(4, 170, 177, 22, 261, 287)",0.4101992658626114
52822,0.028299117,"(14.946499564575367, 215.21875354965735, 210.1804361818939)",14799.45660786294,3.569185099129633,0.4600251568277698,373.4116826962938,13.079015649816752,"(1, 87, 48, 20, 407, 355)",0.087424115,APPPS1xFIRE,D_4_M04_OC_D_4_M04_OC_L1_P+_221123_2 - D_4_M04_OC.lif_,1.0722047631668623,56636,0.06536512,"(11.783212091249382, 247.15232361042447, 221.7819584716435)",12883.72841108089,4.395932465581093,0.5535679595029012,342.17103295718186,13.674761201572098,"(1, 131, 128, 18, 408, 312)",0.140011372
89872,0.040309733,"(5.721081093110201, 198.08957183549938, 168.05228547267225)",14193.08844804118,6.332096099380219,0.6836337362213993,379.0173004847137,14.605259669800107,"(1, 47, 1, 17, 408, 387)",0.1008604426448258,APPPS1xFIRE,B_3_M04_OC_B_3_M04_OC_L4_P+_131123_1 - B_3_M04_OC.lif_,0.2657446145629339,23883,0.045688804,"(5.9879412134154, 212.60323242473726, 183.38571368756018)",9987.196641627468,2.391361746143424,0.4015747915836494,301.7677838,13.046853120506285,"(1, 156, 1, 15, 254, 382)",0.1263463613856148
22161,0.061722928,"(4.362934885609855, 171.046974414512, 174.53264744370742)",5731.882149737948,3.866269302311661,0.6656507737033627,231.72985273435768,9.174412793088392,"(1, 61, 112, 12, 253, 282)",0.1434155433171761,APPPS1xFIRE,B_3_M04_OC_B_3_M04_OC_L1_P+_061123_1 - B_3_M04_OC.lif (default)_,2.540002707,56289,0.1622423215273934,"(12.173746202632842, 200.69482492138783, 205.6178649469701)",6236.228385494424,9.026128698385902,1.1389669837355991,119.40163847268288,17.753910454873093,"(1, 141, 129, 25, 245, 268)",0.406515632
176767,0.144431644,"(19.962560885233103, 223.1261887116939, 228.7086107701098)",16149.208997067022,10.945861189368715,0.9431924818200588,211.3644631503739,31.71517984532776,"(1, 129, 135, 31, 346, 323)",0.2670478751529618,APPPS1xFIRE,H_3_M04_OC_H_3_M04_OC_DGG_P+_210224_1 - H_3_M04_OC.lif_,0.3061827150995378,54123,0.1143108779399837,"(18.30358627570534, 223.2110562976923, 234.06294920828483)",7512.038765224795,7.204835024354456,0.9211157569524996,133.71857030896484,17.718744231799555,"(4, 160, 166, 31, 297, 294)",0.2938481000287751
29664,0.1427032019704433,"(4.881303937432579, 201.41993662351672, 200.9838524811219)",3868.140773,7.668800526923145,1.1980317519171824,114.62542621617212,11.124325410169334,"(1, 147, 148, 17, 259, 264)",0.3050314142047733,APPPS1xFIRE,F_1_M04_OC_F_1_M04_OC_L23_P+_231123_1 - F_1_M04_OC.lif_,1.4681094929881338,43550,0.2981753449043168,"(6.239242250287027, 203.5886796785304, 200.54121699196327)",3268.8836566711984,13.322591004767744,1.8312322729110648,96.90294018,12.197120995812172,"(1, 160, 147, 16, 251, 254)",0.5082214
278952,0.079755922,"(13.671169233416501, 194.92226261148872, 194.47609624594912)",24938.914167087456,11.185410805420725,0.8278650918809767,312.1790531327114,31.91354478950301,"(1, 65, 74, 34, 408, 383)",0.160674326,APPPS1,H_1_M04_OC_H_1_M04_OC_DGG_P+_300124_1 - H_1_M04_OC.lif_,0.3457225615876567,96440,0.08721832,"(14.074844462878474, 191.62223143923683, 194.87702198257983)",9284.655994801047,10.387029961476406,1.095358900699596,161.79013690237946,19.00726492524945,"(2, 125, 97, 29, 344, 284)",0.2614414521874441
419509,0.097404521,"(13.504337213265984, 221.50597007453953, 234.40867061254943)",28890.486760560827,14.52066223310169,0.9380445265263108,463.39779854433226,24.92088886602527,"(2, 1, 1, 28, 408, 408)",0.1545649284042609,APPPS1,B_1_M04_OC_B_1_M04_OC_CA1_P+_021123_1 - B_1_M04_OC.lif (default)_,0.1385071595603431,58105,0.073981411,"(14.382170209104208, 199.2355219000086, 226.69226400481887)",9520.157425,6.103365459766042,0.7620480069544557,211.8189485952945,15.346329158702252,"(5, 131, 153, 26, 351, 323)",0.2876029539874871
78196,0.051930147,"(6.465612051767354, 171.68476648421915, 189.51419509949358)",9828.726254,7.955863046418443,0.8997252533023639,263.1104815609044,14.484629724328585,"(1, 15, 1, 17, 287, 347)",0.10559621,APPPS1,B_2_M04_OC_B_2_M04_OC_L23_P+_031123_2 - B_2_M04_OC.lif_,0.2804874929663921,21933,0.099355838,"(6.27729904709798, 183.21041353212055, 187.91993799297862)",3112.539732257576,7.046657034669124,1.2174035940821493,110.19606726364565,10.938903215595356,"(2, 88, 107, 14, 234, 233)",0.2689416698343408
81754,0.1154815379834449,"(6.4624360887540675, 188.47264965628594, 217.29327005406464)",8913.625277417337,9.17180131,1.021964379883173,252.3291342744112,13.836838223814478,"(1, 6, 135, 16, 282, 306)",0.2739414815906928,APPPS1xFIRE,F_2_M04_OC_F_2_M04_OC_DGM_P+_231123_1 - F_2_M04_OC.lif_,0.3769112214692859,30814,0.1256432212028542,"(6.338255338482508, 200.39611864736807, 219.55906406179008)",5042.171403022306,6.111255952451342,0.9426820516909904,162.96155638216325,9.919660219581862,"(1, 123, 167, 16, 273, 276)",0.3070897530445875
236648,0.060652723,"(18.602565836178627, 213.47171748757648, 204.71663398803287)",25228.896659508137,9.380037628828026,0.7333665416318443,336.7170921478893,32.87364886476177,"(1, 47, 1, 29, 408, 387)",0.089681347,APPPS1,C_2_M04_OC_C_2_M04_OC_DGM_P+_161123_1 - C_2_M04_OC.lif_,0.1877133971130117,44422,0.090648263,"(19.450249876187474, 198.98500742875152, 204.0109405249651)",9232.056596,4.811712270032754,0.657028797,152.92157621887432,22.612526846160737,"(2, 146, 136, 28, 270, 288)",0.2401448805276246
156400,0.054012985,"(8.8806905370844, 171.43815217391304, 231.41314578005114)",22748.04931075368,6.875314795720311,0.6171126694184718,339.85386361721305,29.43870821301357,"(1, 1, 27, 26, 305, 408)",0.080267243,APPPS1,A_4_M04_OC_A_4_M04_OC_L23_P+_201223_2 - A_4_M04_OC.lif_,0.5804156010230179,90777,0.1348881096020684,"(12.060995626645516, 185.1397380393712, 221.30576026967182)",6378.853412067821,14.230927430980577,1.5312944899997298,120.85881428933476,19.35867256816811,"(2, 113, 126, 25, 267, 316)",0.3450311290849797
364202,0.1005370781579014,"(12.536051422013058, 218.64661643813048, 205.93157094140065)",22330.90965882461,16.309322171122417,1.104432710364722,289.63606946725344,33.52904401435486,"(1, 48, 22, 30, 382, 396)",0.1695250392507425,APPPS1xFIRE,D_3_M04_OC_D_3_M04_OC_L4_P+_221123_1 - D_3_M04_OC.lif_,0.726594033,264627,0.2998402374909354,"(14.572458592660613, 226.5020236030337, 198.21193604583056)",10504.45199019691,25.19189009069282,1.897580284885612,158.98529595761644,25.161179705070573,"(1, 125, 121, 29, 322, 281)",0.5901030679552762
417237,0.1264170666084933,"(10.46226724859013, 162.5187914782246, 237.46762391638325)",22184.80799,18.80732978290704,1.2171674404528676,374.2299405,24.38201585966068,"(1, 1, 26, 25, 361, 408)",0.1817045176917559,APPPS1,B_2_M04_OC_B_2_M04_OC_CA1_P+_031123_1 - B_2_M04_OC.lif (default)_,0.1173601574165282,48967,0.060876668,"(12.420262625850063, 201.43120877325546, 243.64633324483836)",9971.427939,4.910730970674236,0.6491261441285037,202.23584098797105,17.976448485481054,"(3, 85, 161, 25, 266, 363)",0.1455081955521746
132016,0.049344397,"(7.06601472548782, 198.61020633862563, 222.46676917949338)",15285.720681275874,8.636557134117464,0.8202556898333996,305.4201950967385,15.12659466584224,"(2, 16, 79, 27, 408, 352)",0.1208083662465729,APPPS1,H_1_M04_OC_H_1_M04_OC_L23_P+_110124_1 - H_1_M04_OC.lif_,0.051077142,6743,0.096328571,"(9.881951653566661, 191.83701616491177, 227.9523950763755)",2629.739607578569,2.564132197943685,0.6563570434911449,84.10506617,11.159699337895225,"(4, 167, 164, 18, 217, 264)",0.2265716877793085
54771,0.083083042,"(11.489839513611217, 226.42559018458672, 189.82833981486553)",8374.199350963574,6.540446161422918,0.8328649954134429,250.0581478172156,11.093748704246767,"(1, 145, 77, 17, 363, 266)",0.2045082854774511,APPPS1xFIRE,D_3_M04_OC_D_3_M04_OC_CA1_P+_221123_1 - D_3_M04_OC.lif_,0.5204396487192128,28505,0.2593957593957594,"(9.981476933871251, 203.04753552008418, 199.77263637958254)",2444.4601196778262,11.66106158596561,1.846071559889385,97.24944510441487,9.387701694,"(4, 159, 148, 15, 249, 259)",0.481129528
48933,0.098211705,"(8.105062023583267, 195.42057507203728, 218.72448041199192)",6231.429672,7.852612092634384,1.0382397561689072,154.31507822869528,12.28482437308203,"(1, 117, 138, 21, 261, 311)",0.2319528254037476,APPPS1xFIRE,D_4_M04_OC_D_4_M04_OC_CA1_P+_221123_1 - D_4_M04_OC.lif_,1.0871599942778902,53198,0.2352062110922467,"(10.771476371292154, 202.7681303808414, 211.12519267641642)",4512.6377203719785,11.78867068363176,1.515830095,106.9183928328516,14.898268525266795,"(2, 152, 153, 21, 248, 277)",0.4981086142322097
37524,0.1401456582633053,"(10.099802792879224, 154.47716128344527, 223.36907046157125)",6898.036860382028,5.439808565755017,0.785774683,162.68632485809317,17.446612209491164,"(1, 96, 163, 18, 222, 288)",0.2519285383391407,APPPS1xFIRE,C_1_M04_OC_C_1_M04_OC_CA1_P+_151123_1 - C_1_M04_OC.lif_,0.2860569235689159,10734,0.1082776847499344,"(8.43599776411403, 154.99534190422955, 222.82345817029997)",2988.700582557638,3.591527389074945,0.7873650083919632,102.54642789072048,9.396290925194384,"(2, 126, 173, 16, 199, 270)",0.2943241020016451
49387,0.143861274,"(19.530240751614798, 199.7198655516634, 204.41207200275377)",4829.168030813615,10.22681333200148,1.347990727477549,126.68366991330193,14.893686292059364,"(9, 124, 123, 25, 268, 272)",0.3294838950711178,APPPS1xFIRE,C_1_M04_OC_C_1_M04_OC_L4_P+_151123_1 - C_1_M04_OC.lif_,0.5623949622370259,27775,0.176416413,"(17.475823582358235, 196.1511791179118, 203.12417641764176)",3253.2017917628395,8.537742746338932,1.3633556639963822,90.28668105922468,14.034773324983664,"(10, 161, 129, 25, 243, 257)",0.3925240248728095
35307,0.036234606,"(21.306596425637977, 214.30110176452263, 232.69751040870082)",11813.791151833244,2.9886257126291857,0.4405569402359256,311.2438577099649,15.009454872642497,"(11, 127, 84, 27, 330, 384)",0.074231915,APPPS1,F_3_M04_OC_F_3_M04_OC_L23_P+_231123_1 - F_3_M04_OC.lif_,1.8761718639363296,66242,0.2151566529599387,"(14.798798345460584, 194.66752211587814, 222.83314211527428)",6610.231597093815,10.021131487907816,1.1977230464571018,124.2165550892048,19.749175977375785,"(3, 149, 154, 26, 246, 292)",0.4625934900870828
111132,0.1188038793103448,"(10.211667206565165, 242.03659611992944, 196.3236781485081)",9870.297084354106,11.25923556811282,1.1325220160054996,322.4018279350517,10.926219632174645,"(1, 147, 55, 15, 408, 311)",0.3091611654050625,APPPS1xFIRE,B_4_M04_OC_B_4_M04_OC_L23_P+_131123_1 - B_4_M04_OC.lif_,0.1904132023179642,21161,0.1792090108401084,"(8.828930579840272, 216.88573318841264, 226.000472567459)",3173.083519197264,6.668907348947869,1.1659862058976929,163.21532211589317,6.797761481727093,"(4, 179, 137, 13, 261, 297)",0.3651092170192208
51064,0.019419396,"(18.697653924486918, 215.1656548644838, 249.31950101832993)",22766.26855799768,2.2429674792736933,0.2923718062700156,315.49372348233663,32.51037272275559,"(1, 92, 64, 27, 386, 408)",0.041700421,APPPS1xFIRE,D_3_M04_OC_D_3_M04_OC_L1_P+_221123_1 - D_3_M04_OC.lif (default)_,6.599110919630268,336977,0.1985085511774658,"(12.433605260893177, 222.22708077999388, 237.65979280485018)",12875.682500534684,26.17158352467968,1.8187822420886883,224.06807979495963,22.684923256025414,"(1, 99, 147, 25, 370, 408)",0.4033198963983588